{
  "EURAED": 3.894026,
  "EURAFN": 79.788465,
  "EURALL": 105.691473,
  "EURAMD": 425.18524,
  "EURANG": 1.907185,
  "EURAOA": 879.410138,
  "EURARS": 370.362637,
  "EURAUD": 1.679069,
  "EURAWG": 1.908295,
  "EURAZN": 1.806487,
  "EURBAM": 1.955272,
  "EURBBD": 2.136723,
  "EURBDT": 116.678508,
  "EURBGN": 1.955272,
  "EURBHD": 0.398892,
  "EURBIF": 3003.389367,
  "EURBMD": 1.060164,
  "EURBND": 1.452308,
  "EURBOB": 7.312026,
  "EURBRL": 5.359853,
  "EURBSD": 1.058214,
  "EURBTC": 3.5452971e-5,
  "EURBTN": 87.962958,
  "EURBWP": 14.556071,
  "EURBYN": 3.485959,
  "EURBYR": 20779.211563,
  "EURBZD": 2.133124,
  "EURCAD": 1.455658,
  "EURCDF": 2708.719034,
  "EURCHF": 0.94674,
  "EURCLF": 0.036045,
  "EURCLP": 994.581556,
  "EURCNY": 7.757262,
  "EURCOP": 4516.580947,
  "EURCRC": 561.748381,
  "EURCUC": 1.060164,
  "EURCUP": 28.094342,
  "EURCVE": 110.235247,
  "EURCZK": 24.633018,
  "EURDJF": 188.419145,
  "EURDKK": 7.468647,
  "EURDOP": 60.183756,
  "EURDZD": 145.82028,
  "EUREGP": 32.699574,
  "EURERN": 15.902458,
  "EURETB": 58.65017,
  "EURFJD": 2.426083,
  "EURFKP": 0.872514,
  "EURGBP": 0.872491,
  "EURGEL": 2.857184,
  "EURGGP": 0.872514,
  "EURGHS": 12.455638,
  "EURGIP": 0.872514,
  "EURGMD": 69.573295,
  "EURGNF": 9090.546406,
  "EURGTQ": 8.296761,
  "EURGYD": 221.630181,
  "EURHKD": 8.294987,
  "EURHNL": 26.117951,
  "EURHRK": 7.600269,
  "EURHTG": 141.27187,
  "EURHUF": 382.38031,
  "EURIDR": 16834.076817,
  "EURILS": 4.303979,
  "EURIMP": 0.872514,
  "EURINR": 88.247669,
  "EURIQD": 1386.325822,
  "EURIRR": 44791.923259,
  "EURISK": 147.066339,
  "EURJEP": 0.872514,
  "EURJMD": 164.045723,
  "EURJOD": 0.751979,
  "EURJPY": 158.870896,
  "EURKES": 156.327806,
  "EURKGS": 94.694243,
  "EURKHR": 4372.819749,
  "EURKMF": 492.556152,
  "EURKPW": 954.151134,
  "EURKRW": 1431.571465,
  "EURKWD": 0.327792,
  "EURKYD": 0.881862,
  "EURKZT": 507.453035,
  "EURLAK": 21911.086064,
  "EURLBP": 15905.30706,
  "EURLKR": 344.467026,
  "EURLRD": 198.25101,
  "EURLSL": 20.143482,
  "EURLTL": 3.130389,
  "EURLVL": 0.641283,
  "EURLYD": 5.183601,
  "EURMAD": 10.89156,
  "EURMDL": 19.30279,
  "EURMGA": 4793.706149,
  "EURMKD": 61.598374,
  "EURMMK": 2222.300188,
  "EURMNT": 3670.036831,
  "EURMOP": 8.526999,
  "EURMRO": 378.478314,
  "EURMUR": 46.969227,
  "EURMVR": 16.33049,
  "EURMWK": 1223.269832,
  "EURMXN": 19.332198,
  "EURMYR": 5.054335,
  "EURMZN": 67.055311,
  "EURNAD": 20.143478,
  "EURNGN": 809.96555,
  "EURNIO": 38.719549,
  "EURNOK": 11.765714,
  "EURNPR": 140.741013,
  "EURNZD": 1.817217,
  "EUROMR": 0.408089,
  "EURPAB": 1.058214,
  "EURPEN": 4.096594,
  "EURPGK": 3.929939,
  "EURPHP": 60.112392,
  "EURPKR": 291.54501,
  "EURPLN": 4.463795,
  "EURPYG": 7853.88019,
  "EURQAR": 3.860097,
  "EURRON": 4.97857,
  "EURRSD": 117.149381,
  "EURRUB": 101.193036,
  "EURRWF": 1292.551133,
  "EURSAR": 3.976822,
  "EURSBD": 8.910356,
  "EURSCR": 14.036511,
  "EURSDG": 637.107617,
  "EURSEK": 11.636681,
  "EURSGD": 1.456033,
  "EURSHP": 1.289955,
  "EURSLE": 23.999228,
  "EURSLL": 20938.236501,
  "EURSOS": 604.827364,
  "EURSRD": 40.676901,
  "EURSTD": 21943.251342,
  "EURSSP": 637.158835,
  "EURSYP": 13784.144387,
  "EURSZL": 20.199548,
  "EURTHB": 38.675169,
  "EURTJS": 11.614165,
  "EURTMT": 3.710573,
  "EURTND": 3.356744,
  "EURTOP": 2.548369,
  "EURTRY": 29.667665,
  "EURTTD": 7.18806,
  "EURTWD": 34.294503,
  "EURTZS": 2644.58621,
  "EURUAH": 38.657466,
  "EURUGX": 3971.927952,
  "EURUSD": 1.060164,
  "EURUYU": 42.228602,
  "EURUZS": 12943.506468,
  "EURVEF": 3690927.228389,
  "EURVES": 36.90945,
  "EURVND": 26016.421009,
  "EURVUV": 130.441024,
  "EURWST": 2.972469,
  "EURXAF": 655.780001,
  "EURXAG": 0.045368,
  "EURXAU": 0.000535,
  "EURXCD": 2.865146,
  "EURXDR": 0.807582,
  "EURXOF": 655.780001,
  "EURXPF": 119.696311,
  "EURYER": 265.385557,
  "EURZAR": 19.500702,
  "EURZMK": 9542.750699,
  "EURZMW": 22.862829,
  "EURZWL": 341.372329
}