{
  "USDAED":3.673042,
  "USDAFN":75.260503,
  "USDALL":99.693526,
  "USDAMD":401.056155,
  "USDANG":1.798953,
  "USDAOA":829.503981,
  "USDARS":349.46551,
  "USDAUD":1.583782,
  "USDAWG":1.8,
  "USDAZN":1.70397,
  "USDBAM":1.844311,
  "USDBBD":2.015465,
  "USDBDT":110.057051,
  "USDBGN":1.848037,
  "USDBHD":0.376255,
  "USDBIF":2832.948277,
  "USDBMD":1,
  "USDBND":1.36989,
  "USDBOB":6.897072,
  "USDBRL":5.034133,
  "USDBSD":0.998161,
  "USDBTC":3.3422138e-5,
  "USDBTN":82.971097,
  "USDBWP":13.73002,
  "USDBYN":3.288132,
  "USDBYR":19600,
  "USDBZD":2.01207,
  "USDCAD":1.37305,
  "USDCDF":2555.000362,
  "USDCHF":0.893013,
  "USDCLF":0.03418,
  "USDCLP":938.139469,
  "USDCNY":7.317041,
  "USDCOP":4260.266868,
  "USDCRC":529.869395,
  "USDCUC":1,
  "USDCUP":26.5,
  "USDCVE":103.979443,
  "USDCZK":23.235104,
  "USDDJF":177.726437,
  "USDDKK":7.044804,
  "USDDOP":56.768353,
  "USDDZD":137.54504,
  "USDEGP":30.864256,
  "USDERN":15,
  "USDETB":55.321797,
  "USDEUR":0.94325,
  "USDFJD":2.288404,
  "USDFKP":0.822999,
  "USDGBP":0.822978,
  "USDGEL":2.69504,
  "USDGGP":0.822999,
  "USDGHS":11.748786,
  "USDGIP":0.822999,
  "USDGMD":65.62504,
  "USDGNF":8574.6617,
  "USDGTQ":7.825923,
  "USDGYD":209.052761,
  "USDHKD":7.82425,
  "USDHNL":24.635768,
  "USDHRK":7.168957,
  "USDHTG":133.25475,
  "USDHUF":360.680388,
  "USDIDR":15878.75,
  "USDILS":4.05973,
  "USDIMP":0.822999,
  "USDINR":83.23965,
  "USDIQD":1307.652412,
  "USDIRR":42250.000352,
  "USDISK":138.720386,
  "USDJEP":0.822999,
  "USDJMD":154.736197,
  "USDJOD":0.709304,
  "USDJPY":149.85504,
  "USDKES":147.456269,
  "USDKGS":89.320385,
  "USDKHR":4124.664058,
  "USDKMF":464.603796,
  "USDKPW":900.003456,
  "USDKRW":1350.330384,
  "USDKWD":0.30919,
  "USDKYD":0.831817,
  "USDKZT":478.655288,
  "USDLAK":20667.641096,
  "USDLBP":15002.687538,
  "USDLKR":324.918667,
  "USDLRD":187.000348,
  "USDLSL":19.000348,
  "USDLTL":2.95274,
  "USDLVL":0.60489,
  "USDLYD":4.889434,
  "USDMAD":10.273469,
  "USDMDL":18.207365,
  "USDMGA":4521.665331,
  "USDMKD":58.102692,
  "USDMMK":2096.185582,
  "USDMNT":3461.763776,
  "USDMOP":8.043095,
  "USDMRO":356.999828,
  "USDMUR":44.303743,
  "USDMVR":15.403741,
  "USDMWK":1153.849781,
  "USDMXN":18.235104,
  "USDMYR":4.767504,
  "USDMZN":63.24995,
  "USDNAD":19.000344,
  "USDNGN":764.000344,
  "USDNIO":36.522231,
  "USDNOK":11.098015,
  "USDNPR":132.75402,
  "USDNZD":1.71409,
  "USDOMR":0.38493,
  "USDPAB":0.998161,
  "USDPEN":3.864114,
  "USDPGK":3.706917,
  "USDPHP":56.701039,
  "USDPKR":274.999953,
  "USDPLN":4.210477,
  "USDPYG":7408.175774,
  "USDQAR":3.641038,
  "USDRON":4.696038,
  "USDRSD":110.501202,
  "USDRUB":95.450373,
  "USDRWF":1219.199396,
  "USDSAR":3.751139,
  "USDSBD":8.404697,
  "USDSCR":13.239945,
  "USDSDG":600.952026,
  "USDSEK":10.976304,
  "USDSGD":1.373404,
  "USDSHP":1.21675,
  "USDSLE":22.637281,
  "USDSLL":19750.000338,
  "USDSOS":570.503664,
  "USDSRD":38.368504,
  "USDSTD":20697.981008,
  "USDSSP":601.000338,
  "USDSYP":13001.89996,
  "USDSZL":19.053232,
  "USDTHB":36.480369,
  "USDTJS":10.955066,
  "USDTMT":3.5,
  "USDTND":3.16625,
  "USDTOP":2.40375,
  "USDTRY":27.984038,
  "USDTTD":6.780141,
  "USDTWD":32.348304,
  "USDTZS":2494.507049,
  "USDUAH":36.463671,
  "USDUGX":3746.522703,
  "USDUYU":39.832147,
  "USDUZS":12208.967891,
  "USDVEF":3481468.652242,
  "USDVES":34.814855,
  "USDVND":24540,
  "USDVUV":123.038551,
  "USDWST":2.803783,
  "USDXAF":618.56476,
  "USDXAG":0.042794,
  "USDXAU":0.000505,
  "USDXCD":2.70255,
  "USDXDR":0.761752,
  "USDXOF":618.56476,
  "USDXPF":112.903595,
  "USDYER":250.325037,
  "USDZAR":18.394045,
  "USDZMK":9001.203589,
  "USDZMW":21.565373,
  "USDZWL":321.999592
}